"year","brand","superbowl_ads_dot_com_url","youtube_url","funny","show_product_quickly","patriotic","celebrity","danger","animals","use_sex","view_count","like_count","dislike_count"
2018,"Toyota","https://superbowl-ads.com/good-odds-toyota/","https://www.youtube.com/watch?v=zeBZvwYQ-hA",FALSE,FALSE,FALSE,FALSE,FALSE,FALSE,FALSE,173929,1233,38
2020,"Bud Light","https://superbowl-ads.com/2020-bud-light-seltzer-inside-posts-brain/","https://www.youtube.com/watch?v=nbbp0VW7z8w",TRUE,TRUE,FALSE,TRUE,TRUE,FALSE,FALSE,47752,485,14
2006,"Bud Light","https://superbowl-ads.com/2006-bud-light-bear-attack/","https://www.youtube.com/watch?v=yk0MQD5YgV8",TRUE,FALSE,FALSE,FALSE,TRUE,TRUE,FALSE,142310,129,15
2018,"Hynudai","https://superbowl-ads.com/hope-detector-nfl-super-bowl-lii-hyundai/","https://www.youtube.com/watch?v=lNPccrGk77A",FALSE,TRUE,FALSE,FALSE,FALSE,FALSE,FALSE,198,2,0
2003,"Bud Light","https://superbowl-ads.com/2003-bud-light-hermit-crab/","https://www.youtube.com/watch?v=ovQYgnXHooY",TRUE,TRUE,FALSE,FALSE,TRUE,TRUE,TRUE,13741,20,3
2020,"Toyota","https://superbowl-ads.com/2020-toyota-go-places-with-cobie-smulders/","https://www.youtube.com/watch?v=f34Ji70u3nk",TRUE,TRUE,FALSE,TRUE,TRUE,TRUE,FALSE,23636,115,11
2020,"Coca-Cola","https://superbowl-ads.com/2020-coca-cola-energy-show-up/","https://www.youtube.com/watch?v=-gAZRN3SCBw",TRUE,FALSE,FALSE,TRUE,FALSE,TRUE,FALSE,304254,1470,384
2020,"Kia","https://superbowl-ads.com/2020-kia-tough-never-quits/","https://www.youtube.com/watch?v=lMs79UXam9A",FALSE,FALSE,FALSE,TRUE,FALSE,FALSE,FALSE,17892,78,6
2020,"Hynudai","https://superbowl-ads.com/2020-hyundai-smaht-pahk/","https://www.youtube.com/watch?v=WBvkmWDjsYc",TRUE,TRUE,FALSE,TRUE,FALSE,TRUE,FALSE,38385,342,7
2020,"Budweiser","https://superbowl-ads.com/2020-budweiser-typical-american/","https://www.youtube.com/watch?v=J0xugdotpp8",FALSE,TRUE,TRUE,TRUE,TRUE,FALSE,FALSE,782,7,0
2010,"Hynudai","https://superbowl-ads.com/hd-2010-super-bowl-commercial-new-hyundai-super-bowl-44-xliv-ad-hyundai-body-pass-2011-sonata/","https://www.youtube.com/watch?v=dWQqIeAYfK8",FALSE,TRUE,TRUE,FALSE,FALSE,FALSE,FALSE,68458,46,14
2010,"Bud Light","https://superbowl-ads.com/hd-exclusive-bud-light-scientist-2010-superbowl-44-xliv-commercial-ad/","https://www.youtube.com/watch?v=agISXMN4tng",TRUE,FALSE,FALSE,FALSE,TRUE,FALSE,TRUE,3805,9,0
2007,"Budweiser","https://superbowl-ads.com/2007-budweiser-king-crab/","https://www.youtube.com/watch?v=7KHlMJE84eA",TRUE,TRUE,FALSE,FALSE,FALSE,TRUE,TRUE,184689,133,24
2002,"Budweiser","https://superbowl-ads.com/2002-budweiser-ground-zero-clydesdales-bow/","https://www.youtube.com/watch?v=1MZUvib98Rs",FALSE,TRUE,TRUE,FALSE,FALSE,TRUE,FALSE,121400,642,10
2020,"NFL","https://superbowl-ads.com/2020-nfl-next-100/","https://www.youtube.com/watch?v=lbkafMhmvMo",FALSE,FALSE,TRUE,TRUE,FALSE,FALSE,FALSE,26727063,175429,7445
2017,"NFL","https://superbowl-ads.com/2017-nfl-super-bowl-51-li-tv-commercial-super-bowl-baby-legends/","https://www.youtube.com/watch?v=9csH_Hy-7A4",FALSE,TRUE,FALSE,FALSE,FALSE,FALSE,FALSE,865781,2315,130
2005,"Bud Light","https://superbowl-ads.com/2005-bud-light-parrot/","https://www.youtube.com/watch?v=-gTWA5AsTP8",TRUE,TRUE,FALSE,FALSE,TRUE,TRUE,TRUE,8990,29,0
2009,"Pepsi","https://superbowl-ads.com/2009-pepsi-max-im-good/","https://www.youtube.com/watch?v=qUZaSf7T7ig",TRUE,FALSE,FALSE,FALSE,TRUE,FALSE,FALSE,129399,345,12
2004,"Bud Light","https://superbowl-ads.com/2004-bud-light-frank/","https://www.youtube.com/watch?v=mjN3OY9Eefk",TRUE,TRUE,FALSE,FALSE,FALSE,TRUE,TRUE,3739,115,1
2020,"Doritos","https://superbowl-ads.com/2020-doritos-the-cool-ranch-with-lil-nas-x-and-sam-elliott/","https://www.youtube.com/watch?v=6xVnq31Vk8Y",TRUE,TRUE,FALSE,TRUE,TRUE,TRUE,FALSE,1990447,10717,576
2007,"Bud Light","https://superbowl-ads.com/2007-bud-light-slap/","https://www.youtube.com/watch?v=aOfRpCp6Pgw",TRUE,TRUE,FALSE,FALSE,TRUE,FALSE,FALSE,72997,86,30
2020,"Pepsi","https://superbowl-ads.com/2020-pepsi-zero-sugar-done-right/","https://www.youtube.com/watch?v=Ozb_fJB_z6o",FALSE,TRUE,FALSE,TRUE,FALSE,FALSE,FALSE,29219,146,38
2019,"Hynudai","https://superbowl-ads.com/2019-hyundai-shopper-assurance-the-elevator-with-jason-bateman/","https://www.youtube.com/watch?v=6mfJ0EsqLWs",TRUE,FALSE,TRUE,TRUE,FALSE,FALSE,FALSE,38968,216,15
2009,"Budweiser","https://superbowl-ads.com/2009-budweiser-clydesdales-generations/","https://www.youtube.com/watch?v=ukpnHh4eEeQ",FALSE,TRUE,TRUE,FALSE,FALSE,TRUE,FALSE,302143,527,15
2011,"Kia","https://superbowl-ads.com/2011-kia-optima-one-epic-ride-super-bowl-xlv-commercial/","https://www.youtube.com/watch?v=8FMU5yPZgwM",TRUE,TRUE,FALSE,FALSE,TRUE,FALSE,TRUE,36832,200,7
2019,"Doritos","https://superbowl-ads.com/2019-doritos-now-its-hot-with-chance-the-rapper-and-backstreet-boys/","https://www.youtube.com/watch?v=NvIcPAxZ39o",FALSE,TRUE,FALSE,TRUE,FALSE,FALSE,FALSE,41828,683,14
2019,"Pepsi","https://superbowl-ads.com/2019-pepsi-more-than-ok/","https://www.youtube.com/watch?v=64UH1_D95gQ",TRUE,TRUE,FALSE,TRUE,FALSE,FALSE,TRUE,69050,773,37
2013,"Hynudai","https://superbowl-ads.com/video-2013-hyundai-sonata-turbo-super-bowl-xlvii-stuck/","https://www.youtube.com/watch?v=WTf0XGpINJI",TRUE,TRUE,FALSE,FALSE,TRUE,TRUE,FALSE,4302,22,0
2019,"NFL","https://superbowl-ads.com/2019-nfl-nfl100/","https://www.youtube.com/watch?v=sl8ooTIMk2w",TRUE,TRUE,FALSE,TRUE,FALSE,FALSE,FALSE,77720,680,15
2011,"Coca-Cola","https://superbowl-ads.com/2011-coca-cola-border/","https://www.youtube.com/watch?v=Aw6-aXMBseo",FALSE,FALSE,FALSE,FALSE,FALSE,FALSE,FALSE,113771,235,8
2019,"Pepsi","https://superbowl-ads.com/2019-pepsi-bubly-buble/","https://www.youtube.com/watch?v=I-_Uh-vZXgo",TRUE,TRUE,FALSE,TRUE,FALSE,FALSE,FALSE,128792,961,15
2016,"Hynudai","https://superbowl-ads.com/hyundai-2016-super-bowl-50-ad-chase/","https://www.youtube.com/watch?v=r_kXSO9Cph0",TRUE,FALSE,FALSE,FALSE,TRUE,TRUE,FALSE,5049,40,3
2010,"Bud Light","https://superbowl-ads.com/hd-exclusive-stranded-budweiser-2010-super-bowl-44-xliv-commercial-ad/","https://www.youtube.com/watch?v=zE7wyUmsM0k",TRUE,FALSE,FALSE,FALSE,FALSE,FALSE,FALSE,85454,120,3
2000,"E-Trade","https://superbowl-ads.com/2000-etrade-monkey-dance/","https://www.youtube.com/watch?v=Muyq2kMDFoA",TRUE,TRUE,FALSE,FALSE,FALSE,TRUE,FALSE,9036,51,2
2001,"Bud Light","https://superbowl-ads.com/2001-bud-light-otto/","https://www.youtube.com/watch?v=XJEYIR-Cai4",TRUE,TRUE,FALSE,FALSE,FALSE,TRUE,FALSE,2801,9,0
2018,"Doritos","https://superbowl-ads.com/2018-doritos-blaze-vs-mtn-dew-ice/","https://www.youtube.com/watch?v=rZh_CbcVe7M",TRUE,TRUE,FALSE,TRUE,FALSE,FALSE,FALSE,23327,333,6
2001,"Budweiser","https://superbowl-ads.com/2001-budweiser-what-are-you-doing/","https://www.youtube.com/watch?v=gtmJEt0w1k4",TRUE,TRUE,FALSE,FALSE,FALSE,FALSE,FALSE,50088,151,3
2018,"Coca-Cola","https://superbowl-ads.com/life-is-short-have-a-diet-coke-because-i-can-diet-coke/","https://www.youtube.com/watch?v=be5DH6jQs38",FALSE,TRUE,FALSE,TRUE,FALSE,FALSE,FALSE,301,2,0
2013,"Hynudai","https://superbowl-ads.com/video-hyundai-2013-super-bowl-xlvii-ad-epic-playdate/","https://www.youtube.com/watch?v=YyKVvAZSAug",FALSE,FALSE,FALSE,FALSE,FALSE,TRUE,FALSE,3667,7,2
2004,"Pepsi","https://superbowl-ads.com/2004-pepsi-bears-find-food/","https://www.youtube.com/watch?v=GzWUUZRli6s",TRUE,FALSE,FALSE,FALSE,FALSE,TRUE,FALSE,179695,295,12
2018,"Kia","https://superbowl-ads.com/2018-kia-stinger-steven-tyler-big-game-ad-feel-something-again/","https://www.youtube.com/watch?v=9_dE6Z2HK8I",FALSE,FALSE,FALSE,TRUE,FALSE,FALSE,FALSE,16399,219,3
2018,"Pepsi","https://superbowl-ads.com/2018_pepsi_this_is_the_pepsi/","https://www.youtube.com/watch?v=0gHYd67OumQ",FALSE,TRUE,TRUE,TRUE,FALSE,FALSE,FALSE,669906,2849,181
2018,"NFL","https://superbowl-ads.com/touchdown-celebrations-to-come-nfl-super-bowl-lii-commercial/","https://www.youtube.com/watch?v=KUoD-gPDahw",TRUE,TRUE,FALSE,TRUE,FALSE,FALSE,FALSE,3464175,20508,556
2010,"E-Trade","https://superbowl-ads.com/hd-exclusive-e-trade-baby-tears-2010-superbowl-44-xliv-commercial-ad/","https://www.youtube.com/watch?v=LgiYL1Ry2I8",TRUE,TRUE,FALSE,FALSE,FALSE,FALSE,FALSE,14927,19,1
2017,"NFL","https://superbowl-ads.com/2017-nfl-super-bowl-51-li-tv-commercial-inside-lines/","https://www.youtube.com/watch?v=pvKBdrx4quA",FALSE,TRUE,TRUE,TRUE,FALSE,FALSE,FALSE,310443,2215,323
2000,"E-Trade","https://superbowl-ads.com/2000-etrade-money-out-of-the-wazoo/","https://www.youtube.com/watch?v=oftjwYmlfoA",TRUE,TRUE,FALSE,FALSE,TRUE,FALSE,FALSE,67182,121,4
2007,"E-Trade","https://superbowl-ads.com/2007-etrade-one-finger/","https://www.youtube.com/watch?v=jaR5-kefxn4",TRUE,FALSE,TRUE,FALSE,FALSE,FALSE,FALSE,97247,97,22
2000,"Budweiser","https://superbowl-ads.com/2000-budweiser-whaasup-game/","https://www.youtube.com/watch?v=loimTUjV92Q",TRUE,TRUE,FALSE,FALSE,FALSE,FALSE,FALSE,5264,10,1
2013,"Doritos","https://superbowl-ads.com/video-doritos-2013-super-bowl-xlvii-commercial-goat-for-sale/","https://www.youtube.com/watch?v=DoM6IhfY8No",TRUE,TRUE,FALSE,FALSE,FALSE,TRUE,FALSE,576696,2541,94
2013,"Budweiser","https://superbowl-ads.com/video-budweiser-black-crown-2013-super-bowl-xlvii-ad-coronation/","https://www.youtube.com/watch?v=AMP9fgyi41M",FALSE,TRUE,FALSE,FALSE,FALSE,FALSE,TRUE,1171,5,2
2007,"Doritos","https://superbowl-ads.com/2007-doritos-live-the-favor/","https://www.youtube.com/watch?v=kNxgxF-7SfA",TRUE,TRUE,FALSE,FALSE,TRUE,FALSE,TRUE,1683994,2508,861
2009,"Budweiser","https://superbowl-ads.com/2009-budweiser-clydesdale-plays-fetch/","https://www.youtube.com/watch?v=w_ZEGUX4YnI",TRUE,TRUE,TRUE,FALSE,FALSE,TRUE,FALSE,49339,67,2
2012,"E-Trade","https://superbowl-ads.com/2012-etrade-fatherhood/","https://www.youtube.com/watch?v=fObt1E6Ij_E",TRUE,FALSE,FALSE,FALSE,FALSE,FALSE,FALSE,21,0,0
2019,"Bud Light","https://superbowl-ads.com/2019-bud-light-medieval-barbers/","https://www.youtube.com/watch?v=hkSQ2Vr41bM",TRUE,TRUE,FALSE,FALSE,FALSE,FALSE,FALSE,36683,65,117
2017,"Kia","https://superbowl-ads.com/2017-kia-super-bowl-51-li-tv-commercial-heros-journey-starring-melissa-mccarthy/","https://www.youtube.com/watch?v=pVxmT2x3Od4",TRUE,FALSE,FALSE,TRUE,TRUE,TRUE,FALSE,87687,589,22
2007,"Bud Light","https://superbowl-ads.com/2007-bud-light-but-he-has-bud-light/","https://www.youtube.com/watch?v=qIC90Vnc-OI",TRUE,TRUE,FALSE,FALSE,TRUE,FALSE,FALSE,177497,392,9
2011,"Bud Light","https://superbowl-ads.com/2011-bud-light-dog-sitter/","https://www.youtube.com/watch?v=JJn1vM7LB1Y",TRUE,TRUE,FALSE,FALSE,FALSE,TRUE,FALSE,350,1,1
2016,"Pepsi","https://superbowl-ads.com/pepsi-2016-super-bowl-50-ad-joy-pepsi/","https://www.youtube.com/watch?v=B9j4Cw5dkBs",FALSE,FALSE,FALSE,TRUE,FALSE,FALSE,FALSE,40818,320,19
2009,"Hynudai","https://superbowl-ads.com/2009-hyundai-angry-bosses/","https://www.youtube.com/watch?v=puG0WOgAUfs",TRUE,TRUE,FALSE,FALSE,FALSE,FALSE,FALSE,373684,585,178
2011,"Coca-Cola","https://superbowl-ads.com/2011-coca-cola-siege/","https://www.youtube.com/watch?v=nAJvHsVoLq0",TRUE,FALSE,FALSE,FALSE,TRUE,TRUE,FALSE,87396,53,2
2016,"Hynudai","https://superbowl-ads.com/hyundai-2016-super-bowl-50-ad-ryanville/","https://www.youtube.com/watch?v=wBcijELzZi4",TRUE,TRUE,FALSE,TRUE,FALSE,TRUE,TRUE,11074,91,5
2009,"Doritos","https://superbowl-ads.com/2009-doritos-new-flavor-pitch/","https://www.youtube.com/watch?v=qKKpRhFcKBk",TRUE,TRUE,FALSE,FALSE,FALSE,FALSE,FALSE,41379,103,9
2010,"Doritos","https://superbowl-ads.com/hd-exclusive-doritos-samurai-2010-super-bowl-44-xliv-commercial-ad/","https://www.youtube.com/watch?v=1ww1k7w4WQ8",TRUE,TRUE,FALSE,FALSE,TRUE,FALSE,FALSE,219464,1136,28
2015,"Doritos","https://superbowl-ads.com/2015-doritos-middle-seat/","https://www.youtube.com/watch?v=2JqRXLQYF9o",TRUE,FALSE,FALSE,FALSE,FALSE,FALSE,TRUE,2319854,2746,203
2007,"Coca-Cola","https://superbowl-ads.com/2007-coca-cola-video-game/","https://www.youtube.com/watch?v=3Tnm53uXIvg",FALSE,TRUE,TRUE,FALSE,TRUE,TRUE,FALSE,249186,452,49
2019,"Toyota","https://superbowl-ads.com/2019-toyota-supra-wizard/","https://www.youtube.com/watch?v=ZuBbnZ3UbJw",FALSE,TRUE,FALSE,FALSE,FALSE,FALSE,FALSE,6713,68,5
2002,"Budweiser","https://superbowl-ads.com/2002-budweiser-how-ya-doin/","https://www.youtube.com/watch?v=mhEYXcCB1Qw",TRUE,TRUE,FALSE,FALSE,FALSE,FALSE,FALSE,38574,199,7
2014,"Coca-Cola","https://superbowl-ads.com/2014-coca-going-all-the-way/","https://www.youtube.com/watch?v=nO-8ZY7p95o",TRUE,FALSE,FALSE,FALSE,FALSE,FALSE,FALSE,3900,14,3
2004,"Budweiser","https://superbowl-ads.com/2004-budweiser-referee/","https://www.youtube.com/watch?v=uO-E2T1hayU",TRUE,FALSE,FALSE,FALSE,FALSE,FALSE,FALSE,327529,803,42
2016,"Coca-Cola","https://superbowl-ads.com/coca-cola-mini-2016-super-bowl-50-ad-hulk-vs-ant-man/","https://www.youtube.com/watch?v=sMkGwCw7iv8",TRUE,TRUE,FALSE,TRUE,TRUE,FALSE,FALSE,6428474,58957,2673
2015,"Budweiser","https://superbowl-ads.com/2015-budweiser-clydesdale-beer-run/","https://www.youtube.com/watch?v=5tso0er4EUI",TRUE,TRUE,FALSE,FALSE,TRUE,TRUE,FALSE,7621,14,2
2016,"Hynudai","https://superbowl-ads.com/hyundai-2016-super-bowl-50-ad-first-date/","https://www.youtube.com/watch?v=KwUUdl22mkA",TRUE,FALSE,FALSE,TRUE,FALSE,FALSE,FALSE,156718,1243,24
2001,"Bud Light","https://superbowl-ads.com/2001-bud-light-pencil-pusher/","https://www.youtube.com/watch?v=J89vbNUzhIE",TRUE,FALSE,FALSE,FALSE,TRUE,FALSE,TRUE,60774,269,10
2003,"Bud Light","https://superbowl-ads.com/2003-bud-light-strongman/","https://www.youtube.com/watch?v=_cEQ5g6bzdM",TRUE,TRUE,FALSE,FALSE,TRUE,FALSE,FALSE,3754,18,1
2000,"Bud Light","https://superbowl-ads.com/2000-bud-light-hold-the-door/","https://www.youtube.com/watch?v=M3IV93HwSkc",TRUE,TRUE,FALSE,FALSE,TRUE,FALSE,FALSE,6641,7,1
2018,"Coca-Cola","https://superbowl-ads.com/2018-coca-cola-super-bowl-ad-wonder-us/","https://www.youtube.com/watch?v=ucCvhK2CZMo",FALSE,TRUE,TRUE,FALSE,FALSE,FALSE,FALSE,NA,NA,NA
2001,"Pepsi","https://superbowl-ads.com/2001-pepsi-subway-miracle/","https://www.youtube.com/watch?v=1nmPv4M8Ps8",TRUE,FALSE,FALSE,FALSE,FALSE,FALSE,TRUE,788,4,2
2014,"Doritos","https://superbowl-ads.com/2014-doritos-cowboy-kid/","https://www.youtube.com/watch?v=1X_M47SQF6s",TRUE,TRUE,FALSE,FALSE,TRUE,TRUE,FALSE,10929,37,3
2016,"Budweiser","https://superbowl-ads.com/budweiser-2016-super-bowl-50-ad-simply-put/","https://www.youtube.com/watch?v=Le_2S2db0Bk",FALSE,TRUE,FALSE,TRUE,FALSE,FALSE,FALSE,136,0,0
2004,"Budweiser","https://superbowl-ads.com/2004-budweiser-donkey/","https://www.youtube.com/watch?v=pmmsr7PAhWU",FALSE,TRUE,TRUE,FALSE,FALSE,TRUE,FALSE,1939823,3744,108
2015,"Budweiser","https://superbowl-ads.com/budweiser-2015-super-bowl-xlix-ad-brewed-the-hard-way/","https://www.youtube.com/watch?v=7_EfXuGev24",FALSE,TRUE,TRUE,FALSE,FALSE,TRUE,FALSE,79,0,0
2016,"Kia","https://superbowl-ads.com/kia-optima-2016-super-bowl-50-ad-walken-closet/","https://www.youtube.com/watch?v=rBkPXt-OpA4",TRUE,FALSE,FALSE,TRUE,FALSE,FALSE,FALSE,14395,86,1
2017,"Budweiser","https://superbowl-ads.com/2017-budweiser-super-bowl-51-li-tv-commercial-born-hard-way/","https://www.youtube.com/watch?v=HtBZvl7dIu4",FALSE,FALSE,TRUE,FALSE,TRUE,FALSE,FALSE,28785122,48423,17113
2000,"Budweiser","https://superbowl-ads.com/2000-budweiser-talking-dog/",NA,TRUE,FALSE,FALSE,FALSE,FALSE,TRUE,FALSE,NA,NA,NA
2009,"Coca-Cola","https://superbowl-ads.com/2009-coca-cola-heist/","https://www.youtube.com/watch?v=icV7fGqPZ2I",FALSE,TRUE,FALSE,FALSE,FALSE,TRUE,FALSE,503550,1490,296
2015,"Doritos","https://superbowl-ads.com/doritos-2015-super-bowl-xlix-ad-when-pigs-fly/","https://www.youtube.com/watch?v=YQo0TfuueaY",TRUE,TRUE,TRUE,FALSE,FALSE,TRUE,FALSE,1274288,2031,149
2004,"Toyota","https://superbowl-ads.com/2004-toyota-revenge/","https://www.youtube.com/watch?v=5uLJitPWAXM",TRUE,TRUE,FALSE,FALSE,TRUE,FALSE,FALSE,112297,640,9
2016,"NFL","https://superbowl-ads.com/nfl-2016-super-bowl-50-ad-super-bowl-babies-choir/","https://www.youtube.com/watch?v=9KqekigARfE",FALSE,FALSE,TRUE,TRUE,FALSE,FALSE,FALSE,4921309,20690,2015
2017,"Hynudai","https://superbowl-ads.com/2017-hyundai-super-bowl-51-li-tv-commercial-better-super-bowl/","https://www.youtube.com/watch?v=KpN6fxOorwE",FALSE,FALSE,TRUE,FALSE,FALSE,FALSE,FALSE,907,8,0
2012,"Bud Light","https://superbowl-ads.com/2012-bud-light-rescue-dog/","https://www.youtube.com/watch?v=Qr3GJqccGi4",TRUE,TRUE,FALSE,FALSE,FALSE,TRUE,TRUE,14579,42,1
2008,"Budweiser","https://superbowl-ads.com/2008-budweiser-dalmatian-trains-hank-for-team/","https://www.youtube.com/watch?v=odpagg0jV6I",FALSE,TRUE,TRUE,FALSE,FALSE,TRUE,FALSE,110004,300,7
2013,"Hynudai","https://superbowl-ads.com/video-hyundai-2013-super-bowl-xlvii-ad-santafe-team/","https://www.youtube.com/watch?v=jvm68nEAU7o",TRUE,TRUE,FALSE,FALSE,TRUE,TRUE,FALSE,114478,1042,11
2010,"Doritos","https://superbowl-ads.com/hd-exclusive-casket-funeral-doritos-2010-super-bowl-44-xliv-commercial-ad/","https://www.youtube.com/watch?v=2IhJl7mBtls",TRUE,TRUE,FALSE,FALSE,FALSE,FALSE,FALSE,11608,22,0
2016,"Bud Light","https://superbowl-ads.com/bud-light-2016-super-bowl-50-ad-the-bud-light-party/","https://www.youtube.com/watch?v=e0ez2t6oRWY",TRUE,TRUE,TRUE,TRUE,FALSE,TRUE,FALSE,487,NA,NA
2019,"Toyota","https://superbowl-ads.com/2019-toyota-toni-with-antoinette-harris/","https://www.youtube.com/watch?v=wegrVsP3gK4",FALSE,TRUE,FALSE,FALSE,FALSE,FALSE,FALSE,4873,32,14
2009,"Bud Light","https://superbowl-ads.com/2009-bud-light-meeting/","https://www.youtube.com/watch?v=L1fL0ZHX2t0",TRUE,TRUE,FALSE,FALSE,TRUE,FALSE,FALSE,54079,171,7
2019,"Budweiser","https://superbowl-ads.com/2019-budweiser-wind-never-felt-better/",NA,FALSE,FALSE,FALSE,FALSE,FALSE,TRUE,FALSE,NA,NA,NA
2003,"Bud Light","https://superbowl-ads.com/2003-bud-light-yoga/","https://www.youtube.com/watch?v=bcV8WN1YIL4",TRUE,TRUE,FALSE,FALSE,FALSE,FALSE,TRUE,147160,53,15
2019,"Coca-Cola","https://superbowl-ads.com/2019-coca-cola-a-coke-is-a-coke/","https://www.youtube.com/watch?v=WTqL_giKNHQ",FALSE,TRUE,TRUE,FALSE,FALSE,TRUE,FALSE,81952,417,56
2012,"Hynudai","https://superbowl-ads.com/2012-hyundai-genesis-heart/","https://www.youtube.com/watch?v=UxQKSCpOIOI",TRUE,TRUE,FALSE,FALSE,TRUE,FALSE,FALSE,1264,2,0
2011,"Hynudai","https://superbowl-ads.com/2011-hyundai-super-bowl-commercial-hypnotized-video/","https://www.youtube.com/watch?v=5ofcQl6gWeE",TRUE,FALSE,FALSE,FALSE,FALSE,FALSE,FALSE,319,0,0
2015,"Kia","https://superbowl-ads.com/2015-kia-sorento-the-perfect-getaway-with-pierce-brosnan/","https://www.youtube.com/watch?v=nayeYTmEdYw",TRUE,TRUE,FALSE,TRUE,TRUE,TRUE,TRUE,81049,74,0
2014,"Budweiser","https://superbowl-ads.com/2014-budweiser-a-heros-welcome/","https://www.youtube.com/watch?v=XxfxB0O9Uuk",FALSE,FALSE,TRUE,FALSE,FALSE,TRUE,FALSE,13141,NA,NA
2007,"Bud Light","https://superbowl-ads.com/2007-bud-light-rock-scissors-paper/","https://www.youtube.com/watch?v=kH50-giCeDM",TRUE,TRUE,FALSE,FALSE,TRUE,FALSE,FALSE,218329,309,8
2008,"Hynudai","https://superbowl-ads.com/2008-hyundai-genesis-luxury/","https://www.youtube.com/watch?v=PsKJUnGEGSs",FALSE,TRUE,FALSE,FALSE,FALSE,FALSE,FALSE,13312,18,11
2010,"NFL","https://superbowl-ads.com/2010-nfl-best-fans-on-the-planet/","https://www.youtube.com/watch?v=6cMHr8goUgU",FALSE,FALSE,TRUE,FALSE,FALSE,FALSE,FALSE,91378,404,14
2005,"Pepsi","https://superbowl-ads.com/2005-pepsi-song-in-a-bottle/","https://www.youtube.com/watch?v=vUwROngDC88",TRUE,TRUE,FALSE,FALSE,FALSE,FALSE,FALSE,111,0,0
2018,"Budweiser","https://superbowl-ads.com/41891-2/","https://www.youtube.com/watch?v=GNVw5f16GEM",FALSE,FALSE,TRUE,FALSE,FALSE,FALSE,FALSE,39897,138,8
2018,"Bud Light","https://superbowl-ads.com/bud-light-the-bud-knight/","https://www.youtube.com/watch?v=UizTtcBsNi8",TRUE,TRUE,FALSE,FALSE,TRUE,TRUE,FALSE,33766,144,23
2004,"Bud Light","https://superbowl-ads.com/2004-bud-light-sleigh-ride/","https://www.youtube.com/watch?v=yQ_nU0_R7PE",TRUE,FALSE,FALSE,FALSE,TRUE,TRUE,TRUE,88445,118,6
2002,"Budweiser","https://superbowl-ads.com/2002-budweiser-anniversary-card/","https://www.youtube.com/watch?v=LnU2T2P1oxA",TRUE,FALSE,FALSE,FALSE,FALSE,FALSE,FALSE,13245,49,3
2006,"Budweiser","https://superbowl-ads.com/2006-budweiser-stadium-crowd-wave/","https://www.youtube.com/watch?v=4WeAvfP1ikU",TRUE,TRUE,FALSE,FALSE,FALSE,FALSE,FALSE,85274,78,16
2014,"Bud Light","https://superbowl-ads.com/2014-bud-light-up-for-whatever-2/","https://www.youtube.com/watch?v=PnOW5qj_R6A",FALSE,TRUE,FALSE,TRUE,FALSE,TRUE,TRUE,134186,405,27
2009,"Coca-Cola","https://superbowl-ads.com/2009-coca-cola-avatar/","https://www.youtube.com/watch?v=Kwke0LNardc",TRUE,FALSE,FALSE,FALSE,FALSE,TRUE,FALSE,1452877,3511,296
2014,"Bud Light","https://superbowl-ads.com/2014-bud-light-up-for-whatever-1/",NA,TRUE,TRUE,FALSE,TRUE,FALSE,FALSE,TRUE,NA,NA,NA
2003,"Bud Light","https://superbowl-ads.com/2003-bud-light-third-arm/",NA,TRUE,TRUE,FALSE,FALSE,FALSE,FALSE,TRUE,NA,NA,NA
2014,"Toyota","https://superbowl-ads.com/2014-toyota-highlander-no-room-for-boring/","https://www.youtube.com/watch?v=b01P9PaaoLk",TRUE,TRUE,FALSE,TRUE,FALSE,TRUE,FALSE,25834,140,5
2009,"Bud Light","https://superbowl-ads.com/2009-bud-light-skier/","https://www.youtube.com/watch?v=LEVQAU_LITI",TRUE,TRUE,FALSE,FALSE,TRUE,FALSE,TRUE,30123,33,2
2014,"Kia","https://superbowl-ads.com/2014-kia-the-truth/","https://www.youtube.com/watch?v=FTNMYoKHwvU",FALSE,FALSE,FALSE,TRUE,TRUE,FALSE,FALSE,17209,198,2
2014,"Hynudai","https://superbowl-ads.com/2014-hyundai-elantra-nice/","https://www.youtube.com/watch?v=2jMWybAKjWw",TRUE,TRUE,FALSE,TRUE,TRUE,FALSE,TRUE,1874,20,0
2013,"Bud Light","https://superbowl-ads.com/video-bud-light-2013-super-bowl-xlvii-commercial-lucky-chair/","https://www.youtube.com/watch?v=7HMTkEMdqBQ",TRUE,TRUE,TRUE,TRUE,TRUE,TRUE,TRUE,546,NA,NA
2008,"Bud Light","https://superbowl-ads.com/2008-bud-light-wheel-suck/","https://www.youtube.com/watch?v=WX8Du9pusdA",TRUE,TRUE,FALSE,FALSE,FALSE,FALSE,FALSE,598260,755,54
2003,"Budweiser","https://superbowl-ads.com/2003-budweiser-great-listener/","https://www.youtube.com/watch?v=zx4SnN9HuRw",TRUE,TRUE,FALSE,FALSE,FALSE,FALSE,FALSE,27378,18,2
2013,"Bud Light","https://superbowl-ads.com/video-bud-light-2013-super-bowl-xlvii-ad-journey/","https://www.youtube.com/watch?v=leptS7k6sLE",TRUE,TRUE,FALSE,TRUE,FALSE,FALSE,FALSE,394,1,0
2011,"Doritos","https://superbowl-ads.com/2011-doritos-pug-attack/","https://www.youtube.com/watch?v=1A6frF5zfDE",TRUE,TRUE,FALSE,FALSE,TRUE,TRUE,FALSE,122388,561,8
2005,"Bud Light","https://superbowl-ads.com/2005-bud-light-skydiver/","https://www.youtube.com/watch?v=Y9wyIID8Khs",TRUE,FALSE,FALSE,FALSE,FALSE,FALSE,FALSE,16997,69,3
2005,"Budweiser","https://superbowl-ads.com/2005-budweiser-tryouts/",NA,TRUE,FALSE,FALSE,FALSE,FALSE,TRUE,FALSE,NA,NA,NA
2014,"Doritos","https://superbowl-ads.com/2014-doritos-time-machine/","https://www.youtube.com/watch?v=Y-P0Hs0ADJY",TRUE,TRUE,FALSE,FALSE,FALSE,TRUE,FALSE,7952240,18729,1430
2008,"Bud Light","https://superbowl-ads.com/2008-bud-light-wine-cheese-party/","https://www.youtube.com/watch?v=aEWtTVaIH0M",TRUE,FALSE,FALSE,FALSE,FALSE,FALSE,FALSE,555734,414,58
2012,"Pepsi","https://superbowl-ads.com/2012-pepsi-kings-court/","https://www.youtube.com/watch?v=3rZs8ZKTsp0",FALSE,TRUE,FALSE,TRUE,FALSE,FALSE,FALSE,582575,1526,138
2012,"Doritos","https://superbowl-ads.com/2012-doritos-mans-best-friend/","https://www.youtube.com/watch?v=kMmd0WaQFGE",TRUE,FALSE,FALSE,FALSE,TRUE,TRUE,FALSE,86928,130,12
2012,"Toyota","https://superbowl-ads.com/2012-toyota-camry-its-reinvented/","https://www.youtube.com/watch?v=oYdJKey7VpU",TRUE,TRUE,FALSE,FALSE,TRUE,TRUE,TRUE,116294,1153,13
2016,"Doritos","https://superbowl-ads.com/doritos-2016-super-bowl-50-ad-ultrasound/","https://www.youtube.com/watch?v=Qh_gOK6xDNA",TRUE,TRUE,FALSE,FALSE,FALSE,FALSE,FALSE,NA,NA,NA
2002,"Bud Light","https://superbowl-ads.com/2002-bud-light-falcon/","https://www.youtube.com/watch?v=ZBD4dYTpYAU",TRUE,TRUE,FALSE,FALSE,TRUE,TRUE,TRUE,3548,13,0
2002,"Bud Light","https://superbowl-ads.com/2002-bud-light-robobash/","https://www.youtube.com/watch?v=oJvsWvaTr4w",TRUE,FALSE,FALSE,FALSE,TRUE,FALSE,FALSE,63129,178,5
2013,"E-Trade","https://superbowl-ads.com/video-etrade-baby-2013-super-bowl-xlvii-commercial-save-it/","https://www.youtube.com/watch?v=F0nhq4GO90s",TRUE,TRUE,FALSE,FALSE,FALSE,TRUE,FALSE,139,1,0
2008,"Bud Light","https://superbowl-ads.com/2008-bud-light-breathe-fire/","https://www.youtube.com/watch?v=AhqPl1IKVo4",TRUE,TRUE,FALSE,FALSE,TRUE,TRUE,FALSE,24595,26,3
2012,"Coca-Cola","https://superbowl-ads.com/2012-coca-cola-arghh-ny-bear/","https://www.youtube.com/watch?v=jhvAXT9R_3U",FALSE,TRUE,FALSE,FALSE,FALSE,TRUE,FALSE,15776,63,4
2004,"Pepsi","https://superbowl-ads.com/2004-pepsi-jimi-hendrix/","https://www.youtube.com/watch?v=NOOmu1Rz17Y",TRUE,TRUE,FALSE,FALSE,FALSE,FALSE,FALSE,55676,222,9
2010,"Doritos","https://superbowl-ads.com/hd-exclusive-dog-shock-collar-doritos-commercial-super-bowl-44-2010-super-bowl-xliv/","https://www.youtube.com/watch?v=UBaZDWIs3fs",TRUE,TRUE,FALSE,FALSE,TRUE,TRUE,FALSE,132054,273,18
2012,"Kia","https://superbowl-ads.com/2012-kia-optima-drive-the-dream-extended-version/","https://www.youtube.com/watch?v=9RI6OGXq11Y",TRUE,FALSE,FALSE,TRUE,FALSE,FALSE,TRUE,56257,396,5
2012,"NFL","https://superbowl-ads.com/2012-nfl-timeline/","https://www.youtube.com/watch?v=CPr4-P19NtE",FALSE,TRUE,FALSE,TRUE,FALSE,FALSE,FALSE,403641,1980,42
2005,"Bud Light","https://superbowl-ads.com/2005-bud-light-sharon/",NA,TRUE,TRUE,FALSE,FALSE,FALSE,FALSE,TRUE,NA,NA,NA
2010,"Hynudai","https://superbowl-ads.com/hd-exclusive-2010-super-bowl-xliv-commercial-with-brett-favre-hyundai-commercial/","https://www.youtube.com/watch?v=KqAWv2wCW8I",FALSE,FALSE,FALSE,TRUE,FALSE,FALSE,FALSE,176547,306,11
2004,"Bud Light","https://superbowl-ads.com/2004-bud-light-paintball/","https://www.youtube.com/watch?v=qbS0gF3YdBg",TRUE,TRUE,FALSE,FALSE,TRUE,FALSE,FALSE,561,6,0
2008,"Bud Light","https://superbowl-ads.com/2008-bud-light-x-ray-vision/","https://www.youtube.com/watch?v=cOEMI8HRhlA",TRUE,TRUE,FALSE,FALSE,FALSE,FALSE,TRUE,166102,161,10
2016,"Toyota","https://superbowl-ads.com/pokemon-2016-super-bowl-50-ad-20-years-2/","https://www.youtube.com/watch?v=KLkQ9c9-QFI",TRUE,FALSE,FALSE,FALSE,TRUE,FALSE,FALSE,NA,NA,NA
2006,"Bud Light","https://superbowl-ads.com/2006-bud-light-magic-fridge/","https://www.youtube.com/watch?v=67dRRrRz2t8",TRUE,TRUE,FALSE,FALSE,FALSE,FALSE,FALSE,95355,328,14
2007,"Coca-Cola","https://superbowl-ads.com/2007-coca-cola-happiness-factory/","https://www.youtube.com/watch?v=NwZpO6saPxI",FALSE,TRUE,FALSE,FALSE,FALSE,TRUE,FALSE,11311,29,3
2007,"Budweiser","https://superbowl-ads.com/2007-budweiser-dalmatian/","https://www.youtube.com/watch?v=esOPYOeotTU",FALSE,FALSE,FALSE,FALSE,TRUE,TRUE,FALSE,48035,47,2
2013,"Doritos","https://superbowl-ads.com/video-doritos-2013-super-bowl-xlvii-ad-fashionista-daddy/","https://www.youtube.com/watch?v=w_2k5LMeduc",TRUE,TRUE,FALSE,FALSE,FALSE,FALSE,FALSE,1404745,2491,359
2010,"Bud Light","https://superbowl-ads.com/hd-exclusive-bud-light-auto-tune-t-pain-2010-superbowl-44-xliv-commercial-ad/","https://www.youtube.com/watch?v=bDhjcP02GQg",TRUE,TRUE,FALSE,TRUE,FALSE,FALSE,FALSE,34565,100,6
2009,"Doritos","https://superbowl-ads.com/2009-doritos-power-of-the-crunch/","https://www.youtube.com/watch?v=7DZao4kN73M",TRUE,TRUE,FALSE,FALSE,TRUE,TRUE,TRUE,640393,1921,215
2009,"Coca-Cola","https://superbowl-ads.com/2009-coke-zero-mean-troy/","https://www.youtube.com/watch?v=XKFUcEkIbEg",TRUE,TRUE,FALSE,TRUE,TRUE,FALSE,FALSE,45799,99,7
2009,"Pepsi","https://superbowl-ads.com/2009-pepsi-anthem/","https://www.youtube.com/watch?v=WIzKwJmYLNs",FALSE,FALSE,TRUE,TRUE,TRUE,FALSE,FALSE,1294,7,0
2001,"E-Trade","https://superbowl-ads.com/2001-etrade-dot-com-ghost-town/","https://www.youtube.com/watch?v=ONZFkqzuMjI",FALSE,FALSE,FALSE,FALSE,TRUE,TRUE,FALSE,103433,167,7
2018,"Bud Light","https://superbowl-ads.com/bud-light-ye-olde-pep-talk/","https://www.youtube.com/watch?v=xza7T89Lda4",TRUE,TRUE,FALSE,FALSE,TRUE,TRUE,FALSE,41441,224,7
2015,"Doritos","https://superbowl-ads.com/2015-doritos-cheesy-pirates/",NA,TRUE,FALSE,FALSE,FALSE,TRUE,FALSE,TRUE,NA,NA,NA
2010,"Kia","https://superbowl-ads.com/hd-exclusive-kias-big-game-commercial-2010-super-bowl-44-xliv-ad/","https://www.youtube.com/watch?v=7q2yVq6fDEg",TRUE,TRUE,FALSE,FALSE,FALSE,TRUE,TRUE,50850,92,4
2008,"Doritos","https://superbowl-ads.com/2008-doritos-mouse-trap/","https://www.youtube.com/watch?v=h8qgk5tXuUA",TRUE,TRUE,FALSE,FALSE,TRUE,FALSE,FALSE,232124,988,31
2012,"Coca-Cola","https://superbowl-ads.com/2012-coca-cola-superstition/","https://www.youtube.com/watch?v=x1nttVdja9s",FALSE,TRUE,FALSE,FALSE,FALSE,TRUE,FALSE,10925,71,18
2011,"Hynudai","https://superbowl-ads.com/2011-hyundai-super-bowl-commercial-deprogramming-video/","https://www.youtube.com/watch?v=32d5c_IW2Xc",FALSE,FALSE,FALSE,FALSE,FALSE,TRUE,FALSE,92,1,0
2008,"Coca-Cola","https://superbowl-ads.com/2008-coca-cola-political-parties/","https://www.youtube.com/watch?v=2_LWZe2BGaE",TRUE,TRUE,TRUE,TRUE,FALSE,FALSE,FALSE,14267,36,2
2000,"Bud Light","https://superbowl-ads.com/2000-bud-light-she-has-a-cat/",NA,TRUE,FALSE,FALSE,FALSE,TRUE,TRUE,TRUE,NA,NA,NA
2019,"Kia","https://superbowl-ads.com/2020-kia-telluride-give-it-everything/","https://www.youtube.com/watch?v=sS8dkRhDirY",FALSE,FALSE,TRUE,FALSE,FALSE,TRUE,FALSE,1460,NA,NA
2002,"Bud Light","https://superbowl-ads.com/2002-bud-light-satin-sheets/","https://www.youtube.com/watch?v=-LwSb4cCAnw",TRUE,FALSE,FALSE,FALSE,TRUE,FALSE,TRUE,67452,270,15
2013,"Kia","https://superbowl-ads.com/video-2013-kia-super-bowl-xlvii-commercial-space-babies/","https://www.youtube.com/watch?v=k5vbGQb7jR0",TRUE,FALSE,FALSE,FALSE,FALSE,TRUE,TRUE,10338,39,2
2008,"Pepsi","https://superbowl-ads.com/2008-pepsi-every-sip-with-justin-timberlake/","https://www.youtube.com/watch?v=AKKM8sP24BE",TRUE,FALSE,FALSE,TRUE,TRUE,FALSE,TRUE,236941,594,14
2019,"Bud Light","https://superbowl-ads.com/2019-bud-light-special-delivery/","https://www.youtube.com/watch?v=eIlX0Gg0GRI",TRUE,TRUE,FALSE,FALSE,TRUE,FALSE,FALSE,NA,NA,NA
2011,"Hynudai","https://superbowl-ads.com/2011-hyundai-super-bowl-commercial-anachronistic-city-video/","https://www.youtube.com/watch?v=-BVMOKtawUk",FALSE,FALSE,FALSE,FALSE,FALSE,FALSE,FALSE,56,0,0
2008,"Bud Light","https://superbowl-ads.com/2008-bud-light-language-of-love/","https://www.youtube.com/watch?v=Ao0x4zsb724",TRUE,TRUE,TRUE,TRUE,FALSE,FALSE,TRUE,729583,588,180
2008,"Bud Light","https://superbowl-ads.com/2008-bud-light-jackie-moon-will-ferrell/","https://www.youtube.com/watch?v=ecqiZn2DDFQ",TRUE,TRUE,FALSE,TRUE,FALSE,FALSE,TRUE,1060001,1384,121
2010,"E-Trade","https://superbowl-ads.com/hd-exclusive-e-trade-baby-girlfriend-2010-superbowl-44-xliv-commercial-ad/","https://www.youtube.com/watch?v=tbLTl7egwlU",TRUE,TRUE,FALSE,FALSE,FALSE,FALSE,TRUE,1046640,1206,58
2013,"Budweiser","https://superbowl-ads.com/video-budweiser-black-crown-2013-super-bowl-xlvii-ad-celebration/","https://www.youtube.com/watch?v=2WNvlXoDs7w",FALSE,TRUE,FALSE,FALSE,FALSE,FALSE,TRUE,236,1,0
2001,"Pepsi","https://superbowl-ads.com/2001-pepsi-roller-coaster/","https://www.youtube.com/watch?v=MwfL-DkL1Vg",TRUE,TRUE,FALSE,FALSE,FALSE,FALSE,TRUE,65162,109,4
2018,"Coca-Cola","https://superbowl-ads.com/diet-coke-twisted-mango-groove/","https://www.youtube.com/watch?v=nkGd47iB-wU",FALSE,TRUE,FALSE,FALSE,FALSE,FALSE,TRUE,179,1,0
2003,"Bud Light","https://superbowl-ads.com/2003-bud-light-upside-down-clown/","https://www.youtube.com/watch?v=DTvxyDwP2CA",TRUE,TRUE,FALSE,FALSE,FALSE,FALSE,FALSE,177285,229,10
2011,"Pepsi","https://superbowl-ads.com/2011-pepsi-max-love-hurts/","https://www.youtube.com/watch?v=r4eyQBvcBUA",TRUE,TRUE,FALSE,FALSE,TRUE,FALSE,TRUE,204026,476,159
2018,"E-Trade","https://superbowl-ads.com/etrade-commercial-this-is-getting-old/","https://www.youtube.com/watch?v=Qx5-AZlfjp4",TRUE,FALSE,TRUE,FALSE,FALSE,FALSE,TRUE,34440,178,11
2016,"Budweiser","https://superbowl-ads.com/budweiser-2016-super-bowl-50-ad-not-backing/","https://www.youtube.com/watch?v=to4dhysGYD0",FALSE,TRUE,TRUE,FALSE,FALSE,TRUE,FALSE,6432,NA,NA
2008,"Coca-Cola","https://superbowl-ads.com/2008-coca-cola-its-mine/","https://www.youtube.com/watch?v=-ACk9mRky5k",TRUE,TRUE,FALSE,TRUE,TRUE,TRUE,FALSE,62538,217,4
2013,"Kia","https://superbowl-ads.com/video-kia-forte-2013-super-bowl-xlvii-commercial-hot-bots/","https://www.youtube.com/watch?v=yhPBzlB6VJI",TRUE,TRUE,FALSE,FALSE,TRUE,FALSE,TRUE,28847,154,10
2014,"Coca-Cola","https://superbowl-ads.com/2014-coca-cola-its-beautiful/","https://www.youtube.com/watch?v=D4BC8zUfNhU",FALSE,TRUE,TRUE,FALSE,FALSE,TRUE,FALSE,92878,450,88
2012,"Budweiser","https://superbowl-ads.com/2012-budweiser-return-of-the-king/","https://www.youtube.com/watch?v=TieDNumMwOc",FALSE,TRUE,TRUE,FALSE,FALSE,TRUE,FALSE,10,0,0
2004,"Bud Light","https://superbowl-ads.com/2004-bud-light-fergus/","https://www.youtube.com/watch?v=j7QA9oHpduk",TRUE,TRUE,FALSE,FALSE,TRUE,TRUE,FALSE,5699,27,1
2007,"Bud Light","https://superbowl-ads.com/2007-bud-light-class-with-carlos-mencia/","https://www.youtube.com/watch?v=670X2MCWzK0",TRUE,TRUE,FALSE,TRUE,FALSE,FALSE,FALSE,955616,1301,134
2007,"Budweiser","https://superbowl-ads.com/2007-budweiser-don-shula-vs-jayz/","https://www.youtube.com/watch?v=YnGpb8lbPOI",FALSE,FALSE,FALSE,TRUE,FALSE,FALSE,FALSE,186,0,0
2019,"Kia","https://superbowl-ads.com/2019-kia-the-great-unknowns-what-if/","https://www.youtube.com/watch?v=nONhop0Kq-E",FALSE,FALSE,TRUE,FALSE,FALSE,FALSE,FALSE,518,2,1
2002,"Budweiser","https://superbowl-ads.com/2002-budweiser-tushy/",NA,TRUE,TRUE,FALSE,FALSE,FALSE,FALSE,TRUE,NA,NA,NA
2010,"E-Trade","https://superbowl-ads.com/hd-exclusive-e-trade-baby-first-class-2010-super-bowl-44-xliv-commercial-ad/","https://www.youtube.com/watch?v=tVrE5-eiSNA",TRUE,FALSE,FALSE,FALSE,FALSE,FALSE,FALSE,NA,NA,NA
2003,"Bud Light","https://superbowl-ads.com/2003-bud-light-mother-in-law/","https://www.youtube.com/watch?v=RuIXFuwLb2s",TRUE,TRUE,FALSE,FALSE,FALSE,FALSE,FALSE,175482,268,15
2018,"Toyota","https://superbowl-ads.com/toyota-2018-big-game-ad-one-team/","https://www.youtube.com/watch?v=QwF3ipuNyfc",TRUE,TRUE,TRUE,FALSE,FALSE,FALSE,FALSE,353513,1448,222
2003,"Budweiser","https://superbowl-ads.com/2003-budweiser-instant-replay/","https://www.youtube.com/watch?v=hM79LTkT7ek",TRUE,TRUE,FALSE,FALSE,FALSE,TRUE,FALSE,2732,8,0
2013,"Budweiser","https://superbowl-ads.com/video-budweiser-2013-super-bowl-xlvii-ad-the-clydesdales-brotherhood/","https://www.youtube.com/watch?v=eJucRz8kYo0",FALSE,TRUE,FALSE,FALSE,FALSE,TRUE,FALSE,246619,2225,64
2010,"Budweiser","https://superbowl-ads.com/hd-exclusive-budweiser-body-bridge-2010-super-bowl-44-xliv-commercial-ad/","https://www.youtube.com/watch?v=IQHlA9qKJv4",TRUE,TRUE,TRUE,FALSE,FALSE,TRUE,FALSE,42,1,0
2003,"Bud Light","https://superbowl-ads.com/2003-bud-light-no-pets-allowed/","https://www.youtube.com/watch?v=BKexURCYxtk",TRUE,TRUE,FALSE,FALSE,FALSE,TRUE,FALSE,16083,60,3
2002,"E-Trade","https://superbowl-ads.com/2002-etrade-monkey-musical/","https://www.youtube.com/watch?v=SK1i1iyE7RA",TRUE,TRUE,FALSE,FALSE,FALSE,TRUE,TRUE,1361,9,0
2006,"Budweiser","https://superbowl-ads.com/2006-budweiser-on-the-roof/","https://www.youtube.com/watch?v=q05QIp5qbnY",TRUE,TRUE,FALSE,FALSE,TRUE,FALSE,FALSE,120196,167,15
2012,"Coca-Cola","https://superbowl-ads.com/2012-coca-cola-catch-ne-bear/","https://www.youtube.com/watch?v=S2nBBMbjS8w",FALSE,TRUE,FALSE,FALSE,TRUE,TRUE,FALSE,22849816,92333,42386
2019,"Bud Light","https://superbowl-ads.com/2019-bud-light-trojan-horse-occupants/","https://www.youtube.com/watch?v=nScg3KmA_6k",TRUE,TRUE,FALSE,FALSE,FALSE,FALSE,FALSE,125,2,0
2007,"Toyota","https://superbowl-ads.com/2007-toyota-tundra-see-saw/","https://www.youtube.com/watch?v=D81uh6I-2Q4",FALSE,TRUE,FALSE,FALSE,FALSE,FALSE,FALSE,286010,221,62
2014,"Hynudai","https://superbowl-ads.com/2014-hyundai-genesis-dads-sixth-sense/","https://www.youtube.com/watch?v=CyK63f0I1P0",TRUE,FALSE,FALSE,FALSE,TRUE,FALSE,TRUE,32557,202,7
2006,"Pepsi","https://superbowl-ads.com/2006-diet-pepsi-jackie-chan/","https://www.youtube.com/watch?v=sx0i7WgBOvs",TRUE,TRUE,FALSE,TRUE,TRUE,FALSE,FALSE,69440,70,7
2006,"Pepsi","https://superbowl-ads.com/2006-diet-pepsi-brown-and-bubbly/","https://www.youtube.com/watch?v=d8f-PiELHls",TRUE,TRUE,FALSE,TRUE,FALSE,FALSE,TRUE,6430,45,0
2015,"Pepsi","https://superbowl-ads.com/pepsi-2015-super-bowl-xlix-ad-halftime-touches-down/","https://www.youtube.com/watch?v=IUU_ygKs3jA",FALSE,TRUE,FALSE,FALSE,FALSE,TRUE,FALSE,998,3,0
2012,"Bud Light","https://superbowl-ads.com/2012-bud-light-platinum-factory/","https://www.youtube.com/watch?v=3LPLXuHlOCI",FALSE,TRUE,FALSE,FALSE,FALSE,FALSE,FALSE,21314,29,5
2009,"Doritos","https://superbowl-ads.com/2009-doritos-crystal-ball/","https://www.youtube.com/watch?v=Fdz0Q0GiEcc",TRUE,TRUE,FALSE,FALSE,TRUE,FALSE,FALSE,20130,46,6
2006,"Budweiser","https://superbowl-ads.com/2006-budweiser-streaker/","https://www.youtube.com/watch?v=Zb3fhsfs6ZU",TRUE,FALSE,FALSE,FALSE,FALSE,TRUE,TRUE,746836,2179,78
2014,"Bud Light","https://superbowl-ads.com/2014-bud-light-cool-twist/","https://www.youtube.com/watch?v=_l1nWWiut0I",FALSE,TRUE,FALSE,FALSE,FALSE,FALSE,FALSE,9649,32,2
2005,"Pepsi","https://superbowl-ads.com/2005-diet-pepsi-pdiddy/","https://www.youtube.com/watch?v=eXfNnSOOoVc",TRUE,TRUE,FALSE,TRUE,FALSE,FALSE,TRUE,43983,93,5
2005,"Bud Light","https://superbowl-ads.com/2005-bud-light-cedric-stranded/","https://www.youtube.com/watch?v=Q5Hu_FBUIsk",TRUE,TRUE,FALSE,TRUE,FALSE,TRUE,TRUE,3183,4,0
2005,"Bud Light","https://superbowl-ads.com/2005-bud-light-cedric-stranded/","https://www.youtube.com/watch?v=Q5Hu_FBUIsk",TRUE,TRUE,FALSE,TRUE,FALSE,TRUE,TRUE,3183,4,0
2005,"Bud Light","https://superbowl-ads.com/2005-bud-light-cedric-stranded/","https://www.youtube.com/watch?v=Q5Hu_FBUIsk",TRUE,TRUE,FALSE,TRUE,FALSE,TRUE,TRUE,3183,4,0
2005,"Bud Light","https://superbowl-ads.com/2005-bud-light-cedric-stranded/","https://www.youtube.com/watch?v=Q5Hu_FBUIsk",TRUE,TRUE,FALSE,TRUE,FALSE,TRUE,TRUE,3183,4,0
2007,"Bud Light","https://superbowl-ads.com/2007-bud-light-apes-plan/","https://www.youtube.com/watch?v=osn2rzClKh0",TRUE,TRUE,FALSE,FALSE,FALSE,TRUE,FALSE,162,0,0
2005,"Pepsi","https://superbowl-ads.com/2005-diet-pepsi-hot-guy/","https://www.youtube.com/watch?v=bHY2miRSwh4",TRUE,FALSE,FALSE,TRUE,FALSE,FALSE,TRUE,293,3,0
2015,"Budweiser","https://superbowl-ads.com/2015-budweiser-lost-dog/","https://www.youtube.com/watch?v=otCxSnu_HXA",FALSE,TRUE,TRUE,FALSE,TRUE,TRUE,FALSE,491630,2327,37
2019,"Bud Light","https://superbowl-ads.com/2019-bud-light-game-of-thrones-joust/","https://www.youtube.com/watch?v=8fhOItB0zUM",TRUE,TRUE,FALSE,FALSE,TRUE,TRUE,FALSE,7658201,94799,12789
2004,"Bud Light","https://superbowl-ads.com/2004-bud-light-cedric-gets-massage/","https://www.youtube.com/watch?v=gWqR28uRxXw",TRUE,TRUE,FALSE,TRUE,FALSE,FALSE,TRUE,39730,37,1
2003,"Budweiser","https://superbowl-ads.com/2003-budweiser-roommate/","https://www.youtube.com/watch?v=R67qcUIbFhs",TRUE,FALSE,FALSE,FALSE,FALSE,FALSE,TRUE,21813,10,0
2009,"E-Trade","https://superbowl-ads.com/2009-etrade-talking-baby/","https://www.youtube.com/watch?v=PlqWRADszb0",TRUE,TRUE,FALSE,FALSE,FALSE,FALSE,FALSE,358142,763,24
2013,"Pepsi","https://superbowl-ads.com/video-2013-pepsi-next-super-bowl-xlvii-commercial-party/","https://www.youtube.com/watch?v=WAySopBmbtI",TRUE,FALSE,FALSE,FALSE,FALSE,FALSE,TRUE,987,2,0
2004,"Budweiser","https://superbowl-ads.com/2004-budweiser-lipstick/","https://www.youtube.com/watch?v=zM4rU4jit5k",TRUE,FALSE,FALSE,TRUE,FALSE,TRUE,TRUE,88458,351,6
2009,"Hynudai","https://superbowl-ads.com/2009-hyundai-assurance-contract/","https://www.youtube.com/watch?v=lzQ2NeqjYS0",FALSE,TRUE,FALSE,FALSE,FALSE,FALSE,FALSE,7253,6,1
2014,"Budweiser","https://superbowl-ads.com/2014-budweiser-puppy-love/","https://www.youtube.com/watch?v=gUGGepL5gGU",FALSE,FALSE,TRUE,FALSE,FALSE,TRUE,FALSE,81183,232,38
2003,"Pepsi","https://superbowl-ads.com/2003-pepsi-twist-osbornes/","https://www.youtube.com/watch?v=dnHEqQGl0yA",TRUE,TRUE,FALSE,TRUE,FALSE,FALSE,FALSE,35779,NA,NA
2015,"Coca-Cola","https://superbowl-ads.com/2015-coca-cola-make-it-happy/","https://www.youtube.com/watch?v=1AeG8tCzTGw",FALSE,FALSE,FALSE,FALSE,FALSE,FALSE,FALSE,48617,331,18
2003,"NFL","https://superbowl-ads.com/2003-nfl-crazy-with-don-cheadle/","https://www.youtube.com/watch?v=Bs0Iwwl-5Lk",FALSE,FALSE,FALSE,TRUE,FALSE,FALSE,FALSE,18670,42,1
2012,"Doritos","https://superbowl-ads.com/2012-doritos-sling-baby/","https://www.youtube.com/watch?v=6SWNLDdnz0A",TRUE,TRUE,FALSE,FALSE,FALSE,FALSE,FALSE,176373378,275362,92990
2002,"Pepsi","https://superbowl-ads.com/2002-pepsi-generations-with-britney-spears/","https://www.youtube.com/watch?v=TG4giyL-4Sk",FALSE,TRUE,FALSE,TRUE,FALSE,FALSE,TRUE,385777,5929,73
2002,"Bud Light","https://superbowl-ads.com/2002-bud-light-cedric-advice/","https://www.youtube.com/watch?v=OfLLLnAngZI",TRUE,TRUE,FALSE,TRUE,TRUE,FALSE,TRUE,4641,19,0
2000,"Budweiser","https://superbowl-ads.com/2000-budweiser-whaasup/","https://www.youtube.com/watch?v=JJmqCKtJnxM",TRUE,TRUE,FALSE,FALSE,FALSE,FALSE,FALSE,3624622,24840,521
2001,"Bud Light","https://superbowl-ads.com/2001-bud-light-cedric-the-entertainer/","https://www.youtube.com/watch?v=h-HHbtwX5vY",TRUE,FALSE,FALSE,TRUE,FALSE,FALSE,TRUE,998,3,0
2013,"Hynudai","https://superbowl-ads.com/video-2013-hyundai-genesis-super-bowl-xlvii-commercial/","https://www.youtube.com/watch?v=mOatp4Xi7IU",FALSE,TRUE,FALSE,FALSE,FALSE,FALSE,FALSE,1190,5,0
2015,"Toyota","https://superbowl-ads.com/toyota-camry-2015-super-bowl-xlix-ad-my-bold-dad/","https://www.youtube.com/watch?v=9u4--TxE2gI",FALSE,TRUE,TRUE,FALSE,FALSE,FALSE,FALSE,32091,266,6
2000,"Budweiser","https://superbowl-ads.com/2000-budweiser-rex/","https://www.youtube.com/watch?v=GgXsLHifz9k",TRUE,FALSE,FALSE,FALSE,TRUE,TRUE,FALSE,111442,163,5
2001,"Doritos","https://superbowl-ads.com/2001-doritos-ali-landry/","https://www.youtube.com/watch?v=xbrvsJZSxok",TRUE,TRUE,FALSE,TRUE,FALSE,FALSE,TRUE,2985,15,0
2016,"Doritos","https://superbowl-ads.com/doritos-2016-super-bowl-50-ad-doritos-dogs/","https://www.youtube.com/watch?v=MNRAdrB9TSs",TRUE,TRUE,FALSE,FALSE,FALSE,TRUE,FALSE,1214968,2534,60
2008,"Bud Light","https://superbowl-ads.com/2008-bud-light-ability-to-fly/","https://www.youtube.com/watch?v=-axbiEJiRGw",TRUE,TRUE,FALSE,FALSE,FALSE,FALSE,FALSE,9335,12,1
2007,"Doritos","https://superbowl-ads.com/2007-doritos-check-out-girl/","https://www.youtube.com/watch?v=nIcFZzdXSrU",TRUE,TRUE,FALSE,FALSE,FALSE,FALSE,TRUE,292010,244,74
2001,"NFL","https://superbowl-ads.com/2001-nfl-perfect-day/",NA,FALSE,FALSE,FALSE,TRUE,FALSE,FALSE,FALSE,NA,NA,NA
2001,"Pepsi","https://superbowl-ads.com/2001-pepsi-bob-dole/","https://www.youtube.com/watch?v=6h7wifUL8mk",TRUE,FALSE,TRUE,TRUE,FALSE,TRUE,TRUE,12106,10,1
2014,"NFL","https://superbowl-ads.com/nfl-now/",NA,FALSE,TRUE,FALSE,FALSE,FALSE,FALSE,FALSE,NA,NA,NA
2012,"Budweiser","https://superbowl-ads.com/2012-budweiser-eternal-optimism/","https://www.youtube.com/watch?v=_GeiOdHsW_8",FALSE,TRUE,TRUE,FALSE,FALSE,TRUE,TRUE,220292,572,100
2001,"Pepsi","https://superbowl-ads.com/2001-pepsi-kasparov-vs-pepsi-machine/","https://www.youtube.com/watch?v=pldGc0Cpf84",TRUE,FALSE,FALSE,TRUE,TRUE,FALSE,FALSE,1475,14,0
2001,"E-Trade","https://superbowl-ads.com/2001-etrade-security-guard/","https://www.youtube.com/watch?v=39BL7iqe6pQ",TRUE,FALSE,FALSE,FALSE,TRUE,FALSE,FALSE,6513,12,4
2001,"Budweiser","https://superbowl-ads.com/2001-budweiser-nsync/","https://www.youtube.com/watch?v=H9YdunAo3Ug",FALSE,FALSE,FALSE,TRUE,FALSE,FALSE,FALSE,77142,334,4
